Workbook

Sheet Dataset
A1: Employee_ID | B1: Name | C1: Department | D1: Years_Experience | E1: Salary
A2: EMP1000 | B2: Employee 1 | C2: HR | D2: 15 | E2: 85681.53
A3: EMP1001 | B3: Employee 2 | C3: Finance | D3: 7 | E3: 49966.4
A4: EMP1002 | B4: Employee 3 | C4: IT | D4: 12 | E4: 74380.21
A5: EMP1003 | B5: Employee 4 | C5: Finance | D5: 8 | E5: 64518.31
A6: EMP1004 | B6: Employee 5 | C6: Finance | D6: 15 | E6: 83557.94
A7: EMP1005 | B7: Employee 6 | C7: Marketing | D7: 3 | E7: 43485.22
A8: EMP1006 | B8: Employee 7 | C8: IT | D8: 14 | E8: 74518.32
A9: EMP1007 | B9: Employee 8 | C9: IT | D9: 17 | E9: 88940.06
A10: EMP1008 | B10: Employee 9 | C10: IT | D10: 4 | E10: 51344.71
A11: EMP1009 | B11: Employee 10 | C11: Finance | D11: 18 | E11: 87380.51
A12: EMP1010 | B12: Employee 11 | C12: HR | D12: 8 | E12: 62750.03
A13: EMP1011 | B13: Employee 12 | C13: IT | D13: 4 | E13: 52632.58
... A51: EMP1049 | B51: Employee 50 | C51: HR | D51: 11 | E51: 83218.32

Sheet Lookup Example
A1: Enter Employee ID | B1: Result Name (XLOOKUP) | C1: Result Salary (VLOOKUP)
A2: EMP1005 | B2: =_xlfn.XLOOKUP(A2,Dataset!A2:A51,Dataset!B2:B51) -> Employee 6 | C2: =VLOOKUP(A2,Dataset!A2:E51,5,FALSE) -> 43485.22
A3: EMP1012 | B3: =_xlfn.XLOOKUP(A3,Dataset!A3:A52,Dataset!B3:B52) -> Employee 13 | C3: =VLOOKUP(A3,Dataset!A3:E52,5,FALSE) -> 39289.43
A4: EMP1011 | B4: =_xlfn.XLOOKUP(A4,Dataset!A4:A53,Dataset!B4:B53) -> Employee 12 | C4: =VLOOKUP(A4,Dataset!A4:E53,5,FALSE) -> 52632.58
A5: EMP1012 | B5: =_xlfn.XLOOKUP(A5,Dataset!A5:A54,Dataset!B5:B54) -> Employee 13 | C5: =VLOOKUP(A5,Dataset!A5:E54,5,FALSE) -> 39289.43
A6: EMP1013 | B6: =_xlfn.XLOOKUP(A6,Dataset!A6:A55,Dataset!B6:B55) -> Employee 14 | C6: =VLOOKUP(A6,Dataset!A6:E55,5,FALSE) -> 42578.56
A7: EMP1014 | B7: =_xlfn.XLOOKUP(A7,Dataset!A7:A56,Dataset!B7:B56) -> Employee 15 | C7: =VLOOKUP(A7,Dataset!A7:E56,5,FALSE) -> 108634.23
A8: EMP1015 | B8: =_xlfn.XLOOKUP(A8,Dataset!A8:A57,Dataset!B8:B57) -> Employee 16 | C8: =VLOOKUP(A8,Dataset!A8:E57,5,FALSE) -> 64594.41
A9: EMP1016 | B9: =_xlfn.XLOOKUP(A9,Dataset!A9:A58,Dataset!B9:B58) -> Employee 17 | C9: =VLOOKUP(A9,Dataset!A9:E58,5,FALSE) -> 46338.97
A10: EMP1017 | B10: =_xlfn.XLOOKUP(A10,Dataset!A10:A59,Dataset!B10:B59) -> Employee 18 | C10: =VLOOKUP(A10,Dataset!A10:E59,5,FALSE) -> 110680.61
A11: EMP1018 | B11: =_xlfn.XLOOKUP(A11,Dataset!A11:A60,Dataset!B11:B60) -> Employee 19 | C11: =VLOOKUP(A11,Dataset!A11:E60,5,FALSE) -> 89101.49
A12: EMP1019 | B12: =_xlfn.XLOOKUP(A12,Dataset!A12:A61,Dataset!B12:B61) -> Employee 20 | C12: =VLOOKUP(A12,Dataset!A12:E61,5,FALSE) -> 67780.52
A13: EMP1020 | B13: =_xlfn.XLOOKUP(A13,Dataset!A13:A62,Dataset!B13:B62) -> Employee 21 | C13: =VLOOKUP(A13,Dataset!A13:E62,5,FALSE) -> 36247.33
... A42: EMP1049 | B42: =_xlfn.XLOOKUP(A42,Dataset!A42:A91,Dataset!B42:B91) -> Employee 50 | C42: =VLOOKUP(A42,Dataset!A42:E91,5,FALSE) -> 83218.32
A43: EMP1002 | B43: =_xlfn.XLOOKUP(Dataset!A4,Dataset!A2:A51,Dataset!B2:B51) -> Employee 3 | C43: =VLOOKUP(A43,Dataset!A2:E51,5,FALSE) -> 74380.21
A44: EMP1003 | B44: =_xlfn.XLOOKUP(Dataset!A5,Dataset!A3:A52,Dataset!B3:B52) -> Employee 4 | C44: =VLOOKUP(A44,Dataset!A3:E52,5,FALSE) -> 64518.31
A45: EMP1004 | B45: =_xlfn.XLOOKUP(Dataset!A6,Dataset!A4:A53,Dataset!B4:B53) -> Employee 5 | C45: =VLOOKUP(A45,Dataset!A4:E53,5,FALSE) -> 83557.94

Sheet Pivot & Analysis
A1: Department wise salary data well formated and styled
B4: Department | C4: Sum of Salary | H4: Corelation between
B5: HR | C5: 980289.89
B6: IT | C6: 770931.06
B7: Finance | C7: 727307.12
B8: Marketing | C8: 703046.3
B9: Sales | C9: 489142.87
B10: Grand Total | C10: 3670717.2
B12: Top 10 Salary

Sheet Sheet1
A1: Corelation between Experience and salary
B4: Experience Years | C4: Salary | E4: Corelation
B5: 15 | C5: 85681.53 | E5: =ROUNDUP(CORREL(B5:B54,C5:C54),0) -> 1
B6: 7 | C6: 49966.4
B7: 12 | C7: 74380.21
B8: 8 | C8: 64518.31
B9: 15 | C9: 83557.94
B10: 3 | C10: 43485.22
B11: 14 | C11: 74518.32
B12: 17 | C12: 88940.06
B13: 4 | C13: 51344.71
B14: 18 | C14: 87380.51
B15: 8 | C15: 62750.03
B16: 4 | C16: 52632.58
B17: 2 | C17: 39289.43
... B54: 11 | C54: 83218.32

Sheet Sheet3
B1: Overall Statistics
B2: Total Employee | C2: =COUNTA(Dataset!A2:A51) -> 50
B3: Average Salary | C3: =AVERAGE(Dataset!E2:E51) -> 73414.345
B4: Average Experience | C4: =AVERAGE(Dataset!D2:D51) -> 12.2
B6: Salary Insights

Sheet Sheet2
B1: My Final Report
B3: Name - Sunil Kumar
B4: Learned - 1. How to Create a Pivot Table
B5: 2. Using Xlookup and Vlookup Formula
B6: 3. Finding Corelation Between two data sets
